alpha_sim,rmse,silhouette_before,silhouette_after,silhouette_delta,floor_pct_before,floor_pct_after,mean_correction
0.0100,0.003873,-0.0026,-0.0026,-0.0000,0.0000,0.0000,0.003856
0.0500,0.019366,-0.0026,-0.0026,-0.0000,0.0000,0.0000,0.019281
0.1000,0.038733,-0.0026,-0.0026,-0.0000,0.0000,0.0000,0.038562
0.2000,0.077471,-0.0026,-0.0026,-0.0000,0.0000,0.0000,0.077124
0.3000,0.116218,-0.0026,-0.0026,-0.0000,0.0000,0.0000,0.115686
0.5000,0.193779,-0.0026,-0.0027,-0.0001,0.0000,0.0000,0.192811
